,ED_CODE,variable,value,year,party
1,107,AITCHISON,89,2011,
2,107,BAPTISTE,107,2011,
3,107,CORNELL,114,2011,
4,107,NATION,2735,2011,
5,107,RAKOCEVIC,7901,2011,
6,107,RINI,287,2011,
7,107,SERGIO,11455,2011,
8,107,REJECTED,109,2011,
9,107,UNMARKED,43,2011,
10,107,DECLINED,18,2011,
11,107,VOTER_TURNOUT,22858,2011,
12,107,ELECTORS,58255,2011,
13,106,ALBANESE,13805,2011,
14,106,COMPTON,151,2011,
15,106,DANIEL,3441,2011,
16,106,FERREIRA,13071,2011,
17,106,JARRETT,474,2011,
18,106,RADEJEWSKY,45,2011,
19,106,REJECTED,161,2011,
20,106,UNMARKED,50,2011,
21,106,DECLINED,16,2011,
22,106,VOTER_TURNOUT,31214,2011,
23,106,ELECTORS,69580,2011,
24,105,HARRISON,201,2011,
25,105,HELMAN,1479,2011,
26,105,HODGINS,489,2011,
27,105,MUNRO,20425,2011,
28,105,RESZLER,9496,2011,
29,105,TAY,6607,2011,
30,105,REJECTED,133,2011,
31,105,UNMARKED,20,2011,
32,105,DECLINED,30,2011,
33,105,VOTER_TURNOUT,38880,2011,
34,105,ELECTORS,90599,2011,
35,104,EPSTEIN,846,2011,
36,104,FAGAN,4579,2011,
37,104,KWINTER,14694,2011,
38,104,MOSTYN,11506,2011,
39,104,PANCER,127,2011,
40,104,SHEVYRYOV,535,2011,
41,104,TAL,108,2011,
42,104,REJECTED,216,2011,
43,104,UNMARKED,91,2011,
44,104,DECLINED,18,2011,
45,104,VOTER_TURNOUT,32720,2011,
46,104,ELECTORS,71531,2011,
47,103,BRANCH,8476,2011,
48,103,CHARIF,10544,2011,
49,103,DUROCHER,1051,2011,
50,103,PIRUZZA,14127,2011,
51,103,REJECTED,128,2011,
52,103,UNMARKED,61,2011,
53,103,DECLINED,24,2011,
54,103,VOTER_TURNOUT,34411,2011,
55,103,ELECTORS,82773,2011,
56,102,DE VERTEUIL,7751,2011,
57,102,DOMINATO,476,2011,
58,102,DUNCAN,15946,2011,
59,102,LEVESQUE,830,2011,
60,102,MCAVOY,12228,2011,
61,102,REJECTED,142,2011,
62,102,UNMARKED,40,2011,
63,102,DECLINED,40,2011,
64,102,VOTER_TURNOUT,37453,2011,
65,102,ELECTORS,83807,2011,
66,101,AGOVINO,14528,2011,
67,101,BROWN,5556,2011,
68,101,BROWN,5556,2011,
69,101,VETTESE,874,2011,
70,101,ZIMMER,21984,2011,
71,101,REJECTED,99,2011,
72,101,UNMARKED,77,2011,
73,101,DECLINED,27,2011,
74,101,VOTER_TURNOUT,43442,2011,
75,101,ELECTORS,95694,2011,
76,100,ELLIOTT,24499,2011,
77,100,GIBSON,1139,2011,
78,100,KING,211,2011,
79,100,ROY,16988,2011,
80,100,SADEM-THOMPSON,7865,2011,
81,100,THOM,160,2011,
82,100,REJECTED,105,2011,
83,100,UNMARKED,25,2011,
84,100,DECLINED,24,2011,
85,100,VOTER_TURNOUT,51016,2011,
86,100,ELECTORS,102672,2011,
87,99,ARNOTT,23495,2011,
88,99,DARTSCH,1309,2011,
89,99,HAMILTON,6106,2011,
90,99,JOHNSON,11334,2011,
91,99,REJECTED,70,2011,
92,99,UNMARKED,44,2011,
93,99,DECLINED,23,2011,
94,99,VOTER_TURNOUT,42381,2011,
95,99,ELECTORS,82926,2011,
96,98,CRIDLAND,1005,2011,
97,98,FORSTER,19527,2011,
98,98,HAMILTON,505,2011,
99,98,MERCIER,8638,2011,
100,98,URSINI,14048,2011,
101,98,REJECTED,200,2011,
102,98,UNMARKED,36,2011,
103,98,DECLINED,12,2011,
104,98,VOTER_TURNOUT,43971,2011,
105,98,ELECTORS,85141,2011,
106,97,DONOFRIO,5594,2011,
107,97,FABRIZIO,929,2011,
108,97,FRYE,694,2011,
109,97,GENCO,15420,2011,
110,97,MARINO,169,2011,
111,97,NATALE,218,2011,
112,97,QUATELA,169,2011,
113,97,SORBARA,26174,2011,
114,97,REJECTED,308,2011,
115,97,UNMARKED,87,2011,
116,97,DECLINED,11,2011,
117,97,VOTER_TURNOUT,49773,2011,
118,97,ELECTORS,121154,2011,
119,96,AHMED,139,2011,
120,96,FOGEL,117,2011,
121,96,GRANT,2415,2011,
122,96,MARCHESE,19870,2011,
123,96,OCRAN-CAESAR,88,2011,
124,96,THOMSON,18731,2011,
125,96,URSOMARZO,126,2011,
126,96,YEN,5420,2011,
127,96,REJECTED,112,2011,
128,96,UNMARKED,65,2011,
129,96,DECLINED,28,2011,
130,96,VOTER_TURNOUT,47111,2011,
131,96,ELECTORS,109565,2011,
132,95,CLARKE,143,2011,
133,95,JETHI,3488,2011,
134,95,MERCER,110,2011,
135,95,RECKER,440,2011,
136,95,RICHARDSON,75,2011,
137,95,STERLING,11369,2011,
138,95,TABUNS,20062,2011,
139,95,VERA,107,2011,
140,95,WHALLEY,1354,2011,
141,95,REJECTED,157,2011,
142,95,UNMARKED,45,2011,
143,95,DECLINED,24,2011,
144,95,VOTER_TURNOUT,37374,2011,
145,95,ELECTORS,75815,2011,
146,94,ABELL,7186,2011,
147,94,CROWE,11571,2011,
148,94,DAYE,1123,2011,
149,94,FALARDEAU,441,2011,
150,94,GOODWIN,92,2011,
151,94,HOLLIDAY,146,2011,
152,94,MURRAY,25236,2011,
153,94,ROTENBERG,93,2011,
154,94,SARAZEN,29,2011,
155,94,YAZDANFAR,19,2011,
156,94,REJECTED,205,2011,
157,94,UNMARKED,57,2011,
158,94,DECLINED,24,2011,
159,94,VOTER_TURNOUT,46222,2011,
160,94,ELECTORS,95466,2011,
161,93,BISSON,11479,2011,
162,93,NERON,108,2011,
163,93,PLANT,233,2011,
164,93,RICKARD,2870,2011,
165,93,SPACEK,8515,2011,
166,93,REJECTED,61,2011,
167,93,UNMARKED,20,2011,
168,93,DECLINED,2,2011,
169,93,VOTER_TURNOUT,23288,2011,
170,93,ELECTORS,49723,2011,
171,92,AULBROOK,5337,2011,
172,92,BONIN,6532,2011,
173,92,COURVILLE,391,2011,
174,92,DANESE,312,2011,
175,92,VANTHOF,12633,2011,
176,92,REJECTED,64,2011,
177,92,UNMARKED,24,2011,
178,92,DECLINED,3,2011,
179,92,VOTER_TURNOUT,25296,2011,
180,92,ELECTORS,50554,2011,
181,91,GALLO,133,2011,
182,91,GRAVELLE,11765,2011,
183,91,KYLE,555,2011,
184,91,LEBLANC,4578,2011,
185,91,MANTIS,9111,2011,
186,91,REJECTED,69,2011,
187,91,UNMARKED,24,2011,
188,91,DECLINED,4,2011,
189,91,VOTER_TURNOUT,26239,2011,
190,91,ELECTORS,54443,2011,
191,90,GILBERT,5815,2011,
192,90,KOZORYS,9881,2011,
193,90,MAURO,10319,2011,
194,90,MCMENEMY,86,2011,
195,90,MILNES,379,2011,
196,90,REJECTED,59,2011,
197,90,UNMARKED,31,2011,
198,90,DECLINED,8,2011,
199,90,VOTER_TURNOUT,26578,2011,
200,90,ELECTORS,57027,2011,
201,89,BALFOUR,623,2011,
202,89,DUNCAN,756,2011,
203,89,FARBER,18373,2011,
204,89,GORMAN,149,2011,
205,89,HACKELBERG,4024,2011,
206,89,SHURMAN,20971,2011,
207,89,REJECTED,160,2011,
208,89,UNMARKED,63,2011,
209,89,DECLINED,16,2011,
210,89,VOTER_TURNOUT,45135,2011,
211,89,ELECTORS,99517,2011,
212,88,BARTOLUCCI,13735,2011,
213,88,LABELLE,4400,2011,
214,88,LOEWENBERG,13204,2011,
215,88,MURPHY MARKETOS,164,2011,
216,88,POPESCU,44,2011,
217,88,ROGERSON,870,2011,
218,88,REJECTED,73,2011,
219,88,UNMARKED,26,2011,
220,88,DECLINED,13,2011,
221,88,VOTER_TURNOUT,32529,2011,
222,88,ELECTORS,65130,2011,
223,87,DONNELLY,396,2011,
224,87,MACDONALD,8021,2011,
225,87,MACDONALD,8021,2011,
226,87,MCDONELL,21463,2011,
227,87,REIST,551,2011,
228,87,REJECTED,146,2011,
229,87,UNMARKED,41,2011,
230,87,DECLINED,18,2011,
231,87,VOTER_TURNOUT,39049,2011,
232,87,ELECTORS,75975,2011,
233,86,DUNLOP,25081,2011,
234,86,LARSEN,10191,2011,
235,86,MIDDLETON,7710,2011,
236,86,STUBBINS,2488,2011,
237,86,REJECTED,92,2011,
238,86,UNMARKED,28,2011,
239,86,DECLINED,22,2011,
240,86,VOTER_TURNOUT,45612,2011,
241,86,ELECTORS,89474,2011,
242,85,KENWELL,10404,2011,
243,85,MATTHEWS,6839,2011,
244,85,SCHREINER,4057,2011,
245,85,WILSON,25339,2011,
246,85,REJECTED,109,2011,
247,85,UNMARKED,43,2011,
248,85,DECLINED,14,2011,
249,85,VOTER_TURNOUT,46805,2011,
250,85,ELECTORS,97272,2011,
251,84,BERARDINETTI,14585,2011,
252,84,BLANCO-RUIBAL,250,2011,
253,84,BUDD,10404,2011,
254,84,CHOPOWICK,7061,2011,
255,84,MCKIM,777,2011,
256,84,REJECTED,102,2011,
257,84,UNMARKED,43,2011,
258,84,DECLINED,10,2011,
259,84,VOTER_TURNOUT,33232,2011,
260,84,ELECTORS,69553,2011,
261,83,BALKISSOON,15237,2011,
262,83,KIM,6837,2011,
263,83,LIAO,457,2011,
264,83,ROSCH,166,2011,
265,83,SHAN,13088,2011,
266,83,SINGH,455,2011,
267,83,WALKER,150,2011,
268,83,REJECTED,130,2011,
269,83,UNMARKED,80,2011,
270,83,DECLINED,5,2011,
271,83,VOTER_TURNOUT,36605,2011,
272,83,ELECTORS,85338,2011,
273,82,APELBAUM,407,2011,
274,82,BEST,15607,2011,
275,82,ELLIS,9137,2011,
276,82,OLIVER,136,2011,
277,82,POCHKHANAWALA,413,2011,
278,82,URBAN,6194,2011,
279,82,REJECTED,158,2011,
280,82,UNMARKED,49,2011,
281,82,DECLINED,16,2011,
282,82,VOTER_TURNOUT,32117,2011,
283,82,ELECTORS,67408,2011,
284,81,DRIVER,301,2011,
285,81,DUGUID,16142,2011,
286,81,MATHURIN,6876,2011,
287,81,MOLE,558,2011,
288,81,WILLIAMS,7511,2011,
289,81,REJECTED,117,2011,
290,81,UNMARKED,53,2011,
291,81,DECLINED,10,2011,
292,81,VOTER_TURNOUT,31568,2011,
293,81,ELECTORS,70958,2011,
294,80,AHUJA,209,2011,
295,80,CHEN,10222,2011,
296,80,CHOI,5017,2011,
297,80,MCLARTY,656,2011,
298,80,THOMPSON,722,2011,
299,80,WALL,83,2011,
300,80,WONG,14907,2011,
301,80,REJECTED,160,2011,
302,80,UNMARKED,76,2011,
303,80,DECLINED,10,2011,
304,80,VOTER_TURNOUT,32062,2011,
305,80,ELECTORS,73583,2011,
306,79,HUNT,172,2011,
307,79,MACMICHAEL,519,2011,
308,79,ORAZIETTI,16109,2011,
309,79,ROSS,9037,2011,
310,79,TURNER,3477,2011,
311,79,REJECTED,94,2011,
312,79,UNMARKED,39,2011,
313,79,DECLINED,14,2011,
314,79,VOTER_TURNOUT,29461,2011,
315,79,ELECTORS,59698,2011,
316,78,BAILEY,19570,2011,
317,78,BARRY,8819,2011,
318,78,BRUZIEWICZ,1077,2011,
319,78,FALBY,160,2011,
320,78,VERMETTE,567,2011,
321,78,WHITE,10307,2011,
322,78,REJECTED,120,2011,
323,78,UNMARKED,56,2011,
324,78,DECLINED,23,2011,
325,78,VOTER_TURNOUT,40699,2011,
326,78,ELECTORS,78646,2011,
327,77,HOSKINS,25048,2011,
328,77,HYNES,7124,2011,
329,77,KITTREDGE,335,2011,
330,77,MCGIRR,8972,2011,
331,77,PINTO,83,2011,
332,77,RITA,86,2011,
333,77,VALLANCE,69,2011,
334,77,VAN VELDHUYSEN,1180,2011,
335,77,REJECTED,110,2011,
336,77,UNMARKED,49,2011,
337,77,DECLINED,18,2011,
338,77,VOTER_TURNOUT,43074,2011,
339,77,ELECTORS,85451,2011,
340,76,BELLOWS,15461,2011,
341,76,BRADLEY,17166,2011,
342,76,CLARKE,191,2011,
343,76,LOWELL,8624,2011,
344,76,MOORADIAN,1066,2011,
345,76,RADICK,62,2011,
346,76,UNRAU,57,2011,
347,76,WAZIRUDDIN,68,2011,
348,76,REJECTED,126,2011,
349,76,UNMARKED,42,2011,
350,76,DECLINED,20,2011,
351,76,VOTER_TURNOUT,42883,2011,
352,76,ELECTORS,84078,2011,
353,75,CHAMBERLAIN,1268,2011,
354,75,DEMJEN,394,2011,
355,75,DEVITA,4987,2011,
356,75,GUPTA,13763,2011,
357,75,MORIDI,18042,2011,
358,75,REJECTED,121,2011,
359,75,UNMARKED,81,2011,
360,75,DECLINED,14,2011,
361,75,VOTER_TURNOUT,38670,2011,
362,75,ELECTORS,91010,2011,
363,74,DOUGHERTY,4277,2011,
364,74,JONES,574,2011,
365,74,O'LEARY,6231,2011,
366,74,REID,309,2011,
367,74,YAKABUSKI,27594,2011,
368,74,REJECTED,75,2011,
369,74,UNMARKED,23,2011,
370,74,DECLINED,9,2011,
371,74,VOTER_TURNOUT,39092,2011,
372,74,ELECTORS,74191,2011,
373,73,DOMBROWSKY,15686,2011,
374,73,FORD,257,2011,
375,73,HAYES,7379,2011,
376,73,HULL,2049,2011,
377,73,SKINNER,201,2011,
378,73,SMITH,18816,2011,
379,73,TUCK,115,2011,
380,73,REJECTED,85,2011,
381,73,UNMARKED,34,2011,
382,73,DECLINED,33,2011,
383,73,VOTER_TURNOUT,44655,2011,
384,73,ELECTORS,86304,2011,
385,72,CARIÑO,6424,2011,
386,72,GAUDET,13033,2011,
387,72,MACCHARLES,18201,2011,
388,72,SMITH,1096,2011,
389,72,THOMAS,252,2011,
390,72,REJECTED,118,2011,
391,72,UNMARKED,31,2011,
392,72,DECLINED,17,2011,
393,72,VOTER_TURNOUT,39172,2011,
394,72,ELECTORS,78835,2011,
395,71,BEAMISH,1235,2011,
396,71,LEAL,19430,2011,
397,71,LONG,127,2011,
398,71,NICKLE,12460,2011,
399,71,RANNEY,83,2011,
400,71,WILSON,15323,2011,
401,71,REJECTED,121,2011,
402,71,UNMARKED,50,2011,
403,71,DECLINED,48,2011,
404,71,VOTER_TURNOUT,48877,2011,
405,71,ELECTORS,91908,2011,
406,70,DESJARDINS,918,2011,
407,70,DEVRIES,627,2011,
408,70,PAPENBURG,5836,2011,
409,70,PETTAPIECE,14845,2011,
410,70,SMINK,164,2011,
411,70,WILKINSON,14635,2011,
412,70,REJECTED,84,2011,
413,70,UNMARKED,38,2011,
414,70,DECLINED,22,2011,
415,70,VOTER_TURNOUT,37169,2011,
416,70,ELECTORS,71629,2011,
417,69,MILLER,19417,2011,
418,69,RICHTER,3251,2011,
419,69,STIVRINS,167,2011,
420,69,WATERS,6537,2011,
421,69,ZYGANIUK,6527,2011,
422,69,REJECTED,52,2011,
423,69,UNMARKED,25,2011,
424,69,DECLINED,94,2011,
425,69,VOTER_TURNOUT,36070,2011,
426,69,ELECTORS,69651,2011,
427,68,BABULA,84,2011,
428,68,DINOVO,18365,2011,
429,68,GANETAKOS,4668,2011,
430,68,LUU,78,2011,
431,68,PASTERNAK,14877,2011,
432,68,RADEJEWSKY,88,2011,
433,68,ROJAS,172,2011,
434,68,TAR,39,2011,
435,68,TROTTIER,1325,2011,
436,68,ZAUGG,56,2011,
437,68,REJECTED,126,2011,
438,68,UNMARKED,56,2011,
439,68,DECLINED,25,2011,
440,68,VOTER_TURNOUT,39959,2011,
441,68,ELECTORS,77163,2011,
442,67,EISEN,5885,2011,
443,67,HARDEMAN,20658,2011,
444,67,HILDERLEY,9410,2011,
445,67,STEWART-MOTT,1336,2011,
446,67,VANDERHOEVEN,359,2011,
447,67,REJECTED,83,2011,
448,67,UNMARKED,20,2011,
449,67,DECLINED,20,2011,
450,67,VOTER_TURNOUT,37771,2011,
451,67,ELECTORS,76804,2011,
452,66,BYRNE,6576,2011,
453,66,CHIARELLI,18492,2011,
454,66,DENLEY,17483,2011,
455,66,HILL,1485,2011,
456,66,PACHECO,396,2011,
457,66,REJECTED,119,2011,
458,66,UNMARKED,41,2011,
459,66,DECLINED,14,2011,
460,66,VOTER_TURNOUT,44606,2011,
461,66,ELECTORS,82187,2011,
462,65,BAGLER,1719,2011,
463,65,HOULE,352,2011,
464,65,LALIBERTÉ-TIPPLE,7466,2011,
465,65,MEILLEUR,19619,2011,
466,65,SHERMAN,8929,2011,
467,65,REJECTED,107,2011,
468,65,UNMARKED,40,2011,
469,65,DECLINED,14,2011,
470,65,VOTER_TURNOUT,38246,2011,
471,65,ELECTORS,81712,2011,
472,64,BRISSON,252,2011,
473,64,FARAH,5988,2011,
474,64,MACDONALD,14945,2011,
475,64,MCGUINTY,21842,2011,
476,64,MIHAYCHUK,1442,2011,
477,64,REDINS,238,2011,
478,64,REJECTED,159,2011,
479,64,UNMARKED,45,2011,
480,64,DECLINED,18,2011,
481,64,VOTER_TURNOUT,44929,2011,
482,64,ELECTORS,87766,2011,
483,63,GUTMANIS,886,2011,
484,63,LISTER,19003,2011,
485,63,MCGRUER,183,2011,
486,63,MCKERCHER,4979,2011,
487,63,MCNEELY,21857,2011,
488,63,PAUL,154,2011,
489,63,REJECTED,131,2011,
490,63,UNMARKED,37,2011,
491,63,DECLINED,11,2011,
492,63,VOTER_TURNOUT,47241,2011,
493,63,ELECTORS,89726,2011,
494,62,CHAPMAN,309,2011,
495,62,DEKKER,9257,2011,
496,62,NAIDOO,14715,2011,
497,62,NAQVI,23646,2011,
498,62,O'DONNELL,2184,2011,
499,62,RYAN,160,2011,
500,62,ZEITHAMMEL,240,2011,
501,62,REJECTED,138,2011,
502,62,UNMARKED,44,2011,
503,62,DECLINED,108,2011,
504,62,VOTER_TURNOUT,50801,2011,
505,62,ELECTORS,94553,2011,
506,61,BELANGER,435,2011,
507,61,FUDGE,147,2011,
508,61,LEADBETTER,1035,2011,
509,61,MENEZES,6921,2011,
510,61,OUELLETTE,16719,2011,
511,61,SHIELDS,14316,2011,
512,61,REJECTED,106,2011,
513,61,UNMARKED,40,2011,
514,61,DECLINED,16,2011,
515,61,VOTER_TURNOUT,39735,2011,
516,61,ELECTORS,89767,2011,
517,60,BANZUELA,188,2011,
518,60,CHLOBOWSKI,878,2011,
519,60,FLYNN,21711,2011,
520,60,HARRIS,498,2011,
521,60,HUNTER,115,2011,
522,60,SCOTT,17131,2011,
523,60,SPRAGUE,4625,2011,
524,60,REJECTED,104,2011,
525,60,UNMARKED,33,2011,
526,60,DECLINED,25,2011,
527,60,VOTER_TURNOUT,45308,2011,
528,60,ELECTORS,85971,2011,
529,59,BOELLING,1057,2011,
530,59,HAITAS,1569,2011,
531,59,JACZEK,28878,2011,
532,59,LU,484,2011,
533,59,WASSEF,23950,2011,
534,59,WHITFELD,8548,2011,
535,59,REJECTED,216,2011,
536,59,UNMARKED,137,2011,
537,59,DECLINED,42,2011,
538,59,VOTER_TURNOUT,64881,2011,
539,59,ELECTORS,151959,2011,
540,58,MCLARTY,357,2011,
541,58,MEES,8589,2011,
542,58,MILLIGAN,19279,2011,
543,58,RIEGER,159,2011,
544,58,RINALDI,18572,2011,
545,58,SMITH TORRIE,1483,2011,
546,58,REJECTED,102,2011,
547,58,UNMARKED,61,2011,
548,58,DECLINED,19,2011,
549,58,VOTER_TURNOUT,48621,2011,
550,58,ELECTORS,93720,2011,
551,57,FEDELI,15381,2011,
552,57,GIROUX,5567,2011,
553,57,HAIG,971,2011,
554,57,WHITING,8775,2011,
555,57,REJECTED,98,2011,
556,57,UNMARKED,42,2011,
557,57,DECLINED,12,2011,
558,57,VOTER_TURNOUT,30846,2011,
559,57,ELECTORS,59481,2011,
560,56,GÉLINAS,16876,2011,
561,56,PERONI,5625,2011,
562,56,RUSSELL,810,2011,
563,56,RYMA,7451,2011,
564,56,REJECTED,64,2011,
565,56,UNMARKED,21,2011,
566,56,DECLINED,11,2011,
567,56,VOTER_TURNOUT,30858,2011,
568,56,ELECTORS,62276,2011,
569,55,AUGUSTINE,130,2011,
570,55,CROSS,1372,2011,
571,55,HUDAK,24919,2011,
572,55,LEES,303,2011,
573,55,MARCO,9070,2011,
574,55,PEACOCK,80,2011,
575,55,POOS,158,2011,
576,55,TROMBETTA,12708,2011,
577,55,WIENHOLD,166,2011,
578,55,REJECTED,123,2011,
579,55,UNMARKED,44,2011,
580,55,DECLINED,38,2011,
581,55,VOTER_TURNOUT,49111,2011,
582,55,ELECTORS,89489,2011,
583,54,CRAITOR,16794,2011,
584,54,HYDE,217,2011,
585,54,JANKOVIC,191,2011,
586,54,LEPP,16296,2011,
587,54,REDEKOP,12304,2011,
588,54,SMITH,759,2011,
589,54,TOSSOUNIAN,119,2011,
590,54,TREDWELL,112,2011,
591,54,REJECTED,239,2011,
592,54,UNMARKED,61,2011,
593,54,DECLINED,8,2011,
594,54,VOTER_TURNOUT,47100,2011,
595,54,ELECTORS,95266,2011,
596,53,BISANZ,16154,2011,
597,53,KLEES,21425,2011,
598,53,KUYSTEN,1256,2011,
599,53,WARDLAW,6514,2011,
600,53,REJECTED,91,2011,
601,53,UNMARKED,36,2011,
602,53,DECLINED,24,2011,
603,53,VOTER_TURNOUT,45500,2011,
604,53,ELECTORS,92231,2011,
605,52,DAGENAIS,8127,2011,
606,52,DRANSFIELD,14844,2011,
607,52,KUBANEK,1641,2011,
608,52,MACLEOD,29985,2011,
609,52,ROSSI,217,2011,
610,52,TOUTANT,223,2011,
611,52,REJECTED,135,2011,
612,52,UNMARKED,38,2011,
613,52,DECLINED,20,2011,
614,52,VOTER_TURNOUT,55230,2011,
615,52,ELECTORS,110662,2011,
616,51,AYAD,5494,2011,
617,51,DELANEY,18591,2011,
618,51,SUNBATY,10655,2011,
619,51,WARNER,1329,2011,
620,51,REJECTED,80,2011,
621,51,UNMARKED,34,2011,
622,51,DECLINED,11,2011,
623,51,VOTER_TURNOUT,36194,2011,
624,51,ELECTORS,87297,2011,
625,50,FIGUEIRAS,165,2011,
626,50,HARRIS,236,2011,
627,50,JANOSCIK,14499,2011,
628,50,MOGK,860,2011,
629,50,SIKKA,4044,2011,
630,50,SOUSA,20375,2011,
631,50,REJECTED,73,2011,
632,50,UNMARKED,75,2011,
633,50,DECLINED,30,2011,
634,50,VOTER_TURNOUT,40357,2011,
635,50,ELECTORS,78746,2011,
636,49,BILEK,7768,2011,
637,49,BROWN,16294,2011,
638,49,CASANOVA,853,2011,
639,49,JACKSON,176,2011,
640,49,TAKHAR,20552,2011,
641,49,REJECTED,86,2011,
642,49,UNMARKED,45,2011,
643,49,DECLINED,3,2011,
644,49,VOTER_TURNOUT,45777,2011,
645,49,ELECTORS,104254,2011,
646,48,AHMED,5704,2011,
647,48,CHURCHIN,11297,2011,
648,48,DAMERLA,15535,2011,
649,48,DURY,177,2011,
650,48,HARDING,199,2011,
651,48,JONES,934,2011,
652,48,SHAH,117,2011,
653,48,REJECTED,134,2011,
654,48,UNMARKED,46,2011,
655,48,DECLINED,11,2011,
656,48,VOTER_TURNOUT,34154,2011,
657,48,ELECTORS,84330,2011,
658,47,FOSTER,1247,2011,
659,47,GILL,10287,2011,
660,47,KHAN,400,2011,
661,47,MANGAT,15579,2011,
662,47,MILLOY,691,2011,
663,47,PANDHER,5420,2011,
664,47,WIDLA,216,2011,
665,47,REJECTED,140,2011,
666,47,UNMARKED,67,2011,
667,47,DECLINED,35,2011,
668,47,VOTER_TURNOUT,34082,2011,
669,47,ELECTORS,93563,2011,
670,46,CHAN,19579,2011,
671,46,CHOO,4575,2011,
672,46,O'BRIEN,1104,2011,
673,46,SMALL,259,2011,
674,46,THAYAPARAN,11720,2011,
675,46,REJECTED,156,2011,
676,46,UNMARKED,114,2011,
677,46,DECLINED,14,2011,
678,46,VOTER_TURNOUT,37521,2011,
679,46,ELECTORS,92232,2011,
680,45,BENTLEY,22610,2011,
681,45,BROWN,1194,2011,
682,45,BUCHANAN,10757,2011,
683,45,CHAHBAR,14603,2011,
684,45,GUPTA,61,2011,
685,45,HODGES,300,2011,
686,45,REJECTED,114,2011,
687,45,UNMARKED,76,2011,
688,45,DECLINED,34,2011,
689,45,VOTER_TURNOUT,49749,2011,
690,45,ELECTORS,93852,2011,
691,44,AMBROGIO,269,2011,
692,44,BRANSCOMBE,12628,2011,
693,44,HOLMES,9914,2011,
694,44,LABONTE,1451,2011,
695,44,MATTHEWS,19167,2011,
696,44,SPOTTISWOOD,54,2011,
697,44,VANKLINKEN,169,2011,
698,44,REJECTED,127,2011,
699,44,UNMARKED,58,2011,
700,44,DECLINED,32,2011,
701,44,VOTER_TURNOUT,43869,2011,
702,44,ELECTORS,91638,2011,
703,43,ARMSTRONG,13953,2011,
704,43,DURNIN,155,2011,
705,43,HAMADI,192,2011,
706,43,HARNICK,320,2011,
707,43,LAZAR,852,2011,
708,43,MILLER,9075,2011,
709,43,RAMAL,9678,2011,
710,43,REJECTED,133,2011,
711,43,UNMARKED,59,2011,
712,43,DECLINED,26,2011,
713,43,VOTER_TURNOUT,34443,2011,
714,43,ELECTORS,75165,2011,
715,42,CLARK,24314,2011,
716,42,FULSOM,111,2011,
717,42,HEFFERNAN,6663,2011,
718,42,LUNDY,5822,2011,
719,42,TAYLOR,1319,2011,
720,42,REJECTED,94,2011,
721,42,UNMARKED,43,2011,
722,42,DECLINED,18,2011,
723,42,VOTER_TURNOUT,38384,2011,
724,42,ELECTORS,75797,2011,
725,41,HILLIER,22457,2011,
726,41,MACDONALD,12490,2011,
727,41,MATTE,1754,2011,
728,41,PARKHILL,8104,2011,
729,41,REJECTED,78,2011,
730,41,UNMARKED,50,2011,
731,41,DECLINED,29,2011,
732,41,VOTER_TURNOUT,44962,2011,
733,41,ELECTORS,89150,2011,
734,40,ARMSTRONG,987,2011,
735,40,HARNESS,232,2011,
736,40,HILL,8882,2011,
737,40,JACKSON,119,2011,
738,40,MCNAUGHTON,19379,2011,
739,40,VAN BOMMEL,12423,2011,
740,40,VANDER VLOET,350,2011,
741,40,REJECTED,104,2011,
742,40,UNMARKED,42,2011,
743,40,DECLINED,31,2011,
744,40,VOTER_TURNOUT,42549,2011,
745,40,ELECTORS,78683,2011,
746,39,CISTERNA,8250,2011,
747,39,DAVIS,17837,2011,
748,39,DAVIS,17837,2011,
749,39,MCGUIRE,1308,2011,
750,39,MOTZ,123,2011,
751,39,WITMER,21665,2011,
752,39,REJECTED,93,2011,
753,39,UNMARKED,36,2011,
754,39,DECLINED,39,2011,
755,39,VOTER_TURNOUT,49667,2011,
756,39,ELECTORS,98268,2011,
757,38,CAIRNS,7165,2011,
758,38,HARRIS,18017,2011,
759,38,PENDERGAST,14476,2011,
760,38,ROSE,1121,2011,
761,38,REJECTED,112,2011,
762,38,UNMARKED,107,2011,
763,38,DECLINED,25,2011,
764,38,VOTER_TURNOUT,41023,2011,
765,38,ELECTORS,87992,2011,
766,37,ATSIZ,77,2011,
767,37,BERNIER,240,2011,
768,37,CORBIERE,137,2011,
769,37,DEARLOVE,7385,2011,
770,37,MACDONALD,15069,2011,
771,37,MILLOY,15392,2011,
772,37,VERCOUTEREN,938,2011,
773,37,REJECTED,110,2011,
774,37,UNMARKED,40,2011,
775,37,DECLINED,22,2011,
776,37,VOTER_TURNOUT,39410,2011,
777,37,ELECTORS,80170,2011,
778,36,BEST,56,2011,
779,36,BUSCH,71,2011,
780,36,CARACCIOLO,336,2011,
781,36,GERRETSEN,21028,2011,
782,36,HOLLAND,10241,2011,
783,36,JAMES,9610,2011,
784,36,KILEY,1594,2011,
785,36,SHAW,115,2011,
786,36,REJECTED,87,2011,
787,36,UNMARKED,33,2011,
788,36,DECLINED,43,2011,
789,36,VOTER_TURNOUT,43214,2011,
790,36,ELECTORS,95966,2011,
791,35,CAMPBELL,10949,2011,
792,35,HOLIDAY,391,2011,
793,35,LEEK,2202,2011,
794,35,MCKAY,8307,2011,
795,35,ROMANIUK,216,2011,
796,35,REJECTED,44,2011,
797,35,UNMARKED,14,2011,
798,35,DECLINED,7,2011,
799,35,VOTER_TURNOUT,22130,2011,
800,35,ELECTORS,48369,2011,
801,34,MAIN,772,2011,
802,34,MITCHELL,14659,2011,
803,34,ROBERTSON,9329,2011,
804,34,SCHNURR,656,2011,
805,34,THOMPSON,19138,2011,
806,34,VALENTA,200,2011,
807,34,REJECTED,108,2011,
808,34,UNMARKED,47,2011,
809,34,DECLINED,17,2011,
810,34,VOTER_TURNOUT,44926,2011,
811,34,ELECTORS,75853,2011,
812,33,AGGELONITIS,14694,2011,
813,33,ELMS,8641,2011,
814,33,ENOS,450,2011,
815,33,GOODWIN,126,2011,
816,33,MORRIS,748,2011,
817,33,TAYLOR,20492,2011,
818,33,WIENHOLD,222,2011,
819,33,REJECTED,144,2011,
820,33,UNMARKED,52,2011,
821,33,DECLINED,12,2011,
822,33,VOTER_TURNOUT,45581,2011,
823,33,ELECTORS,90355,2011,
824,32,CRIPPS,10397,2011,
825,32,DOUCETTE,133,2011,
826,32,FIORENTINO,7395,2011,
827,32,INNES,173,2011,
828,32,MILLER,20442,2011,
829,32,PATTINSON,295,2011,
830,32,RANDALL,692,2011,
831,32,REJECTED,153,2011,
832,32,UNMARKED,49,2011,
833,32,DECLINED,14,2011,
834,32,VOTER_TURNOUT,39743,2011,
835,32,ELECTORS,85908,2011,
836,31,BALDASARO,268,2011,
837,31,GRACEY,122,2011,
838,31,HORWATH,20586,2011,
839,31,KUHLMANN,634,2011,
840,31,LAWSON,130,2011,
841,31,ORMOND,1249,2011,
842,31,PASSMORE,229,2011,
843,31,SHEPPARD,4421,2011,
844,31,SZAJKOWSKI,67,2011,
845,31,TIQUI-SHEBIB,5861,2011,
846,31,REJECTED,102,2011,
847,31,UNMARKED,46,2011,
848,31,DECLINED,29,2011,
849,31,VOTER_TURNOUT,33744,2011,
850,31,ELECTORS,79524,2011,
851,30,BUCK,166,2011,
852,30,CHUDLEIGH,26228,2011,
853,30,FRASER,1286,2011,
854,30,NAIDOO-HARRIS,23080,2011,
855,30,RODRIGUES,296,2011,
856,30,SPOHR,7757,2011,
857,30,VAN DEN BURG,168,2011,
858,30,REJECTED,120,2011,
859,30,UNMARKED,42,2011,
860,30,DECLINED,19,2011,
861,30,VOTER_TURNOUT,59162,2011,
862,30,ELECTORS,128643,2011,
863,29,ABEL,8517,2011,
864,29,JOHNSON,16522,2011,
865,29,OLITO,245,2011,
866,29,PAYNE,1562,2011,
867,29,SCOTT,22352,2011,
868,29,REJECTED,88,2011,
869,29,UNMARKED,54,2011,
870,29,DECLINED,46,2011,
871,29,VOTER_TURNOUT,49386,2011,
872,29,ELECTORS,89830,2011,
873,28,BARRETT,25203,2011,
874,28,BLAKE,868,2011,
875,28,CRONE,7087,2011,
876,28,GOTS,242,2011,
877,28,NICHOLS,8048,2011,
878,28,REJECTED,103,2011,
879,28,UNMARKED,39,2011,
880,28,DECLINED,6,2011,
881,28,VOTER_TURNOUT,41596,2011,
882,28,ELECTORS,78030,2011,
883,27,BENDER,305,2011,
884,27,DYCK,3234,2011,
885,27,GARVIE,139,2011,
886,27,GORDON,11150,2011,
887,27,ICHIM,100,2011,
888,27,SANDALS,19815,2011,
889,27,SCHIRK,11954,2011,
890,27,REJECTED,115,2011,
891,27,UNMARKED,64,2011,
892,27,DECLINED,27,2011,
893,27,VOTER_TURNOUT,46903,2011,
894,27,ELECTORS,93308,2011,
895,26,CRACK,17345,2011,
896,26,GOSSELIN,15973,2011,
897,26,HOWARTH,770,2011,
898,26,JEAN-LOUIS,5721,2011,
899,26,LEDUC,164,2011,
900,26,MILLER,199,2011,
901,26,REJECTED,213,2011,
902,26,UNMARKED,47,2011,
903,26,DECLINED,9,2011,
904,26,VOTER_TURNOUT,40441,2011,
905,26,ELECTORS,84584,2011,
906,25,BAGHEL,100,2011,
907,25,CEOLIN,391,2011,
908,25,GILL,541,2011,
909,25,MCCONNELL,320,2011,
910,25,QAADRI,12081,2011,
911,25,SHARMA,5426,2011,
912,25,SINGH,6072,2011,
913,25,REJECTED,113,2011,
914,25,UNMARKED,28,2011,
915,25,DECLINED,10,2011,
916,25,VOTER_TURNOUT,25082,2011,
917,25,ELECTORS,62472,2011,
918,24,BROMBACHER,174,2011,
919,24,BROTEN,22169,2011,
920,24,COLEY,6713,2011,
921,24,KUNOV,172,2011,
922,24,LETONJA,113,2011,
923,24,LOCHWIN,125,2011,
924,24,MACKAY,113,2011,
925,24,NYILASSY,12705,2011,
926,24,SALEWSKY,1164,2011,
927,24,REJECTED,172,2011,
928,24,UNMARKED,57,2011,
929,24,DECLINED,26,2011,
930,24,VOTER_TURNOUT,43703,2011,
931,24,ELECTORS,87390,2011,
932,23,BUSSMANN,422,2011,
933,23,CANSFIELD,21916,2011,
934,23,DEMONTE-WHELAN,13956,2011,
935,23,MILLICAN,231,2011,
936,23,RENDA,108,2011,
937,23,RIVERO,5099,2011,
938,23,SAN JUAN,837,2011,
939,23,REJECTED,213,2011,
940,23,UNMARKED,38,2011,
941,23,DECLINED,22,2011,
942,23,VOTER_TURNOUT,42842,2011,
943,23,ELECTORS,81413,2011,
944,22,BRISTER,16049,2011,
945,22,MATYI,860,2011,
946,22,NATYSHAK,17417,2011,
947,22,SCHMIDT,11518,2011,
948,22,REJECTED,98,2011,
949,22,UNMARKED,50,2011,
950,22,DECLINED,20,2011,
951,22,VOTER_TURNOUT,46012,2011,
952,22,ELECTORS,89549,2011,
953,21,BALDWIN-SANDS,11075,2011,
954,21,CORNISH,9201,2011,
955,21,LOEWEN,981,2011,
956,21,MCKEEVER,283,2011,
957,21,YUREK,19771,2011,
958,21,REJECTED,80,2011,
959,21,UNMARKED,59,2011,
960,21,DECLINED,15,2011,
961,21,VOTER_TURNOUT,41465,2011,
962,21,ELECTORS,80858,2011,
963,20,BONE,152,2011,
964,20,COLLE,20752,2011,
965,20,DERVISHI,3763,2011,
966,20,GREEN,146,2011,
967,20,RACHLIS,575,2011,
968,20,REDDY,79,2011,
969,20,ROSSI,12857,2011,
970,20,REJECTED,118,2011,
971,20,UNMARKED,43,2011,
972,20,DECLINED,11,2011,
973,20,VOTER_TURNOUT,38496,2011,
974,20,ELECTORS,74309,2011,
975,19,BARNICOAT,424,2011,
976,19,O'TOOLE,22393,2011,
977,19,SOMERVILLE,13394,2011,
978,19,STRUTT,172,2011,
979,19,TERRY,8027,2011,
980,19,YAGHLEDJIAN,1221,2011,
981,19,REJECTED,120,2011,
982,19,UNMARKED,33,2011,
983,19,DECLINED,20,2011,
984,19,VOTER_TURNOUT,45804,2011,
985,19,ELECTORS,92096,2011,
986,18,GVENTER,4200,2011,
987,18,HOLLOWAY,10162,2011,
988,18,JONES,17833,2011,
989,18,KOWALEWSKI,250,2011,
990,18,STRANG,5540,2011,
991,18,REJECTED,109,2011,
992,18,UNMARKED,34,2011,
993,18,DECLINED,23,2011,
994,18,VOTER_TURNOUT,38151,2011,
995,18,ELECTORS,79918,2011,
996,17,AHMED,3621,2011,
997,17,DEB,74,2011,
998,17,FLISS,718,2011,
999,17,KABITSIS,125,2011,
1000,17,MANDEL-CAMPBELL,12827,2011,
1001,17,WAIGH,108,2011,
1002,17,WYNNE,24444,2011,
1003,17,REJECTED,64,2011,
1004,17,UNMARKED,43,2011,
1005,17,DECLINED,11,2011,
1006,17,VOTER_TURNOUT,42035,2011,
1007,17,ELECTORS,82533,2011,
1008,16,BEDROSYAN,702,2011,
1009,16,COTEAU,16350,2011,
1010,16,HILLIARD,5953,2011,
1011,16,KIDD,187,2011,
1012,16,LENDE,8705,2011,
1013,16,SIMMONS,113,2011,
1014,16,REJECTED,100,2011,
1015,16,UNMARKED,53,2011,
1016,16,DECLINED,22,2011,
1017,16,VOTER_TURNOUT,32185,2011,
1018,16,ELECTORS,69851,2011,
1019,15,CAUCHI,96,2011,
1020,15,DE JONG,855,2011,
1021,15,FIGUEROA,163,2011,
1022,15,GHIWOT,33,2011,
1023,15,JAGG,250,2011,
1024,15,MARTINS,12953,2011,
1025,15,RUSSELL,2480,2011,
1026,15,SCHEIN,14367,2011,
1027,15,THOMPSON,82,2011,
1028,15,REJECTED,118,2011,
1029,15,UNMARKED,47,2011,
1030,15,DECLINED,13,2011,
1031,15,VOTER_TURNOUT,31457,2011,
1032,15,ELECTORS,68998,2011,
1033,14,NAVARRO,8415,2011,
1034,14,NICHOLLS,15121,2011,
1035,14,SULLIVAN,1027,2011,
1036,14,WATSON,11631,2011,
1037,14,REJECTED,133,2011,
1038,14,UNMARKED,66,2011,
1039,14,DECLINED,34,2011,
1040,14,VOTER_TURNOUT,36427,2011,
1041,14,ELECTORS,73727,2011,
1042,13,BREDFELDT,549,2011,
1043,13,CORNELL,19144,2011,
1044,13,DUFF,6371,2011,
1045,13,MACLAREN,28246,2011,
1046,13,SIMSER,1857,2011,
1047,13,REJECTED,134,2011,
1048,13,UNMARKED,34,2011,
1049,13,DECLINED,36,2011,
1050,13,VOTER_TURNOUT,56371,2011,
1051,13,ELECTORS,105368,2011,
1052,12,BANKOLE,10414,2011,
1053,12,DETTWEILER,629,2011,
1054,12,LEONE,15947,2011,
1055,12,MALETTE,1056,2011,
1056,12,MCGARRY,13993,2011,
1057,12,ROSS,271,2011,
1058,12,REJECTED,119,2011,
1059,12,UNMARKED,41,2011,
1060,12,DECLINED,27,2011,
1061,12,VOTER_TURNOUT,42497,2011,
1062,12,ELECTORS,92310,2011,
1063,11,BRANNAN,156,2011,
1064,11,BROWN,1129,2011,
1065,11,GILES,639,2011,
1066,11,MCKENNA,20061,2011,
1067,11,O'BRIEN,380,2011,
1068,11,RUSSELL,9370,2011,
1069,11,SAKRAN,17909,2011,
1070,11,REJECTED,140,2011,
1071,11,UNMARKED,56,2011,
1072,11,DECLINED,35,2011,
1073,11,VOTER_TURNOUT,49875,2011,
1074,11,ELECTORS,90964,2011,
1075,10,ECCLES,10889,2011,
1076,10,JOHNSTONE,6133,2011,
1077,10,JOLLEY,1478,2011,
1078,10,KIDD,339,2011,
1079,10,MARSHALL,2654,2011,
1080,10,MILLER,246,2011,
1081,10,WALKER,19567,2011,
1082,10,REJECTED,100,2011,
1083,10,UNMARKED,49,2011,
1084,10,DECLINED,15,2011,
1085,10,VOTER_TURNOUT,41470,2011,
1086,10,ELECTORS,75809,2011,
1087,9,BURNS,957,2011,
1088,9,FERGUSON,190,2011,
1089,9,HOCKLEY,237,2011,
1090,9,JENNER,136,2011,
1091,9,LEVAC,16867,2011,
1092,9,SITKO,244,2011,
1093,9,ST. AMANT,15761,2011,
1094,9,TURMEL,86,2011,
1095,9,VAN TILBORG,11006,2011,
1096,9,REJECTED,135,2011,
1097,9,UNMARKED,34,2011,
1098,9,DECLINED,26,2011,
1099,9,VOTER_TURNOUT,45679,2011,
1100,9,ELECTORS,94717,2011,
1101,8,CHMELYK,1432,2011,
1102,8,DHILLON,19224,2011,
1103,8,HARLSON,509,2011,
1104,8,KATHURIA,8331,2011,
1105,8,SHENOUDA,14434,2011,
1106,8,REJECTED,163,2011,
1107,8,UNMARKED,82,2011,
1108,8,DECLINED,22,2011,
1109,8,VOTER_TURNOUT,44197,2011,
1110,8,ELECTORS,115431,2011,
1111,7,DUNCAN,900,2011,
1112,7,HUNDAL,12754,2011,
1113,7,JEFFREY,15663,2011,
1114,7,ROWLEY,152,2011,
1115,7,SADIQ,81,2011,
1116,7,SINGH,136,2011,
1117,7,SINGH,136,2011,
1118,7,WYSOKINSKI,193,2011,
1119,7,REJECTED,144,2011,
1120,7,UNMARKED,82,2011,
1121,7,DECLINED,11,2011,
1122,7,VOTER_TURNOUT,35494,2011,
1123,7,ELECTORS,87543,2011,
1124,6,KULAR,14349,2011,
1125,6,LEE,738,2011,
1126,6,MAINGI,9896,2011,
1127,6,MCLACHLAN,491,2011,
1128,6,O'MARRA,381,2011,
1129,6,SINGH,16626,2011,
1130,6,THORNHAM,1091,2011,
1131,6,REJECTED,199,2011,
1132,6,UNMARKED,102,2011,
1133,6,DECLINED,20,2011,
1134,6,VOTER_TURNOUT,43893,2011,
1135,6,ELECTORS,107820,2011,
1136,5,ALI,1025,2011,
1137,5,BURSTYN,13813,2011,
1138,5,MENARY,5333,2011,
1139,5,POLEY-FISHER,144,2011,
1140,5,PRUE,17925,2011,
1141,5,ROSS,45,2011,
1142,5,REJECTED,81,2011,
1143,5,UNMARKED,53,2011,
1144,5,DECLINED,28,2011,
1145,5,VOTER_TURNOUT,38447,2011,
1146,5,ELECTORS,74450,2011,
1147,4,CLARK,8171,2011,
1148,4,JACKSON,17527,2011,
1149,4,MACKENZIE,179,2011,
1150,4,MILLER,1909,2011,
1151,4,ROSKAM,318,2011,
1152,4,WALSH,15006,2011,
1153,4,REJECTED,115,2011,
1154,4,UNMARKED,40,2011,
1155,4,DECLINED,26,2011,
1156,4,VOTER_TURNOUT,43291,2011,
1157,4,ELECTORS,94114,2011,
1158,3,COVERDALE,1477,2011,
1159,3,GUNDERMAN SMITH,87,2011,
1160,3,LANGTON,258,2011,
1161,3,MATON,321,2011,
1162,3,MCMEEKIN,21648,2011,
1163,3,MELANSON,99,2011,
1164,3,SKELLY,17132,2011,
1165,3,WESTERHOFF,8521,2011,
1166,3,REJECTED,104,2011,
1167,3,UNMARKED,41,2011,
1168,3,DECLINED,35,2011,
1169,3,VOTER_TURNOUT,49723,2011,
1170,3,ELECTORS,88080,2011,
1171,2,BROWN,7397,2011,
1172,2,CHAPMAN,6141,2011,
1173,2,HOFFMAN,217,2011,
1174,2,MANTHA,11585,2011,
1175,2,TILSON,684,2011,
1176,2,REJECTED,100,2011,
1177,2,UNMARKED,24,2011,
1178,2,DECLINED,10,2011,
1179,2,VOTER_TURNOUT,26158,2011,
1180,2,ELECTORS,52919,2011,
1181,1,DELIS,299,2011,
1182,1,DICKSON,19606,2011,
1183,1,MCCARTHY,14718,2011,
1184,1,TOMAN,843,2011,
1185,1,WISEMAN,5952,2011,
1186,1,REJECTED,117,2011,
1187,1,UNMARKED,34,2011,
1188,1,DECLINED,21,2011,
1189,1,VOTER_TURNOUT,41590,2011,
1190,1,ELECTORS,92745,2011,
,1,DICKSON,52514,2014,
,1,KING,16548,2014,
,1,MCCARTHY,29998,2014,
,1,NARRAWAY,3178,2014,
,1,STEWART,602,2014,
,1,REJECTED,460,2014,
,1,UNMARKED,228,2014,
,1,DECLINED,472,2014,
,1,VOTER_TURNOUT,104000,2014,
,1,ELECTORS,207258,2014,
,2,HADIDIAN,882,2014,
,2,HUGHSON,13008,2014,
,2,MANTHA,28342,2014,
,2,TURNER,9178,2014,
,2,ZALUCKY,1656,2014,
,2,REJECTED,332,2014,
,2,UNMARKED,108,2014,
,2,DECLINED,214,2014,
,2,VOTER_TURNOUT,53720,2014,
,2,ELECTORS,108790,2014,
,3,DARTSCH,5278,2014,
,3,JOHNSTONE,16830,2014,
,3,LANGTON,846,2014,
,3,MCKEEKIN,48084,2014,
,3,SKELLY,36504,2014,
,3,SPRUCE,376,2014,
,3,REJECTED,438,2014,
,3,UNMARKED,172,2014,
,3,DECLINED,1060,2014,
,3,VOTER_TURNOUT,109588,2014,
,3,ELECTORS,185666,2014,
,4,BRADBURY,15950,2014,
,4,HOGGARTH,39832,2014,
,4,JACKSON,35334,2014,
,4,NORTH,6036,2014,
,4,ROSKAM,732,2014,
,4,REJECTED,422,2014,
,4,UNMARKED,178,2014,
,4,DECLINED,1022,2014,
,4,VOTER_TURNOUT,99506,2014,
,4,ELECTORS,202338,2014,
,5,JOHNSON,11964,2014,
,5,LINDSAY,1048,2014,
,5,POLEY-FISHER,316,2014,
,5,POTTS,34436,2014,
,5,PRUE,33474,2014,
,5,SCOTT,4658,2014,
,5,REJECTED,398,2014,
,5,UNMARKED,202,2014,
,5,DECLINED,388,2014,
,5,VOTER_TURNOUT,86884,2014,
,5,ELECTORS,154762,2014,
,6,JASWAL,18806,2014,
,6,KULAR,35746,2014,
,6,SINGH,47038,2014,
,6,THORNHAM,4554,2014,
,6,REJECTED,812,2014,
,6,UNMARKED,368,2014,
,6,DECLINED,326,2014,
,6,VOTER_TURNOUT,107650,2014,
,6,ELECTORS,239068,2014,
,7,DHILLON,27026,2014,
,7,HILL,764,2014,
,7,HUNDAL,20234,2014,
,7,MALHI,33854,2014,
,7,ZARRABI YAN,2622,2014,
,7,REJECTED,466,2014,
,7,UNMARKED,264,2014,
,7,DECLINED,402,2014,
,7,VOTER_TURNOUT,85632,2014,
,7,ELECTORS,188848,2014,
,8,CHACIN,1756,2014,
,8,DHILLON,49664,2014,
,8,EBRAHIM,3008,2014,
,8,HARLSON,1080,2014,
,8,PANAICH,25970,2014,
,8,SANDHU,26726,2014,
,8,SULLIVAN,1600,2014,
,8,REJECTED,1004,2014,
,8,UNMARKED,430,2014,
,8,DECLINED,470,2014,
,8,VOTER_TURNOUT,111708,2014,
,8,ELECTORS,262868,2014,
,9,BURNS,4190,2014,
,9,FELSKY,27984,2014,
,9,FERGUSON,748,2014,
,9,GILLIES,30894,2014,
,9,LEVAC,38792,2014,
,9,MITCHELL,360,2014,
,9,TURMEL,120,2014,
,9,REJECTED,458,2014,
,9,UNMARKED,260,2014,
,9,DECLINED,762,2014,
,9,VOTER_TURNOUT,104568,2014,
,9,ELECTORS,199128,2014,
,10,ANDERSON,23172,2014,
,10,GVENTER,13574,2014,
,10,PARSONS,7392,2014,
,10,SPENCE,400,2014,
,10,VOSKAMP,376,2014,
,10,WALKER,40718,2014,
,10,REJECTED,368,2014,
,10,UNMARKED,236,2014,
,10,DECLINED,756,2014,
,10,VOTER_TURNOUT,86992,2014,
,10,ELECTORS,161292,2014,
,11,BRANNAN,490,2014,
,11,CROSS,4500,2014,
,11,MCKENNA,40172,2014,
,11,MCMAHON,47146,2014,
,11,MOWBRAY,15584,2014,
,11,ZACH,726,2014,
,11,REJECTED,454,2014,
,11,UNMARKED,222,2014,
,11,DECLINED,968,2014,
,11,VOTER_TURNOUT,110262,2014,
,11,ELECTORS,191008,2014,
,12,BROWN,5452,2014,
,12,DETTWEILER,1210,2014,
,12,LEONE,31388,2014,
,12,MCGARRY,37526,2014,
,12,STEWART,20826,2014,
,12,REJECTED,436,2014,
,12,UNMARKED,236,2014,
,12,DECLINED,956,2014,
,12,VOTER_TURNOUT,98030,2014,
,12,ELECTORS,200260,2014,
,13,HANSEN,17488,2014,
,13,MACLAREN,61180,2014,
,13,STEVENS,40944,2014,
,13,WEST,9228,2014,
,13,REJECTED,410,2014,
,13,UNMARKED,200,2014,
,13,DECLINED,718,2014,
,13,VOTER_TURNOUT,130168,2014,
,13,ELECTORS,232094,2014,
,14,BELL,3942,2014,
,14,GELINAS,23328,2014,
,14,JOHNSON,18316,2014,
,14,MCLARTY,1028,2014,
,14,NICHOLLS,28366,2014,
,14,REJECTED,418,2014,
,14,UNMARKED,264,2014,
,14,DECLINED,876,2014,
,14,VOTER_TURNOUT,76538,2014,
,14,ELECTORS,149118,2014,
,15,AHMAD,344,2014,
,15,STEIN,3568,2014,
,15,CAUCHI,220,2014,
,15,VENUTO,500,2014,
,15,DANIEL,5330,2014,
,15,YOUNG,198,2014,
,15,MARTINS,32544,2014,
,15,SCHEIN,28644,2014,
,15,REJECTED,366,2014,
,15,UNMARKED,198,2014,
,15,DECLINED,302,2014,
,15,VOTER_TURNOUT,72214,2014,
,15,ELECTORS,145702,2014,
,16,COTEAU,38496,2014,
,16,KENNEDY,18514,2014,
,16,MCLEOD,2512,2014,
,16,SADIKALI,9000,2014,
,16,SIMMONS,574,2014,
,16,REJECTED,300,2014,
,16,UNMARKED,188,2014,
,16,DECLINED,342,2014,
,16,VOTER_TURNOUT,69926,2014,
,16,ELECTORS,146140,2014,
,17,AHMED,7138,2014,
,17,BOYD,676,2014,
,17,BURROWS,276,2014,
,17,CURLEY,166,2014,
,17,FLISS,2572,2014,
,17,KABITSIS,306,2014,
,17,PORTER,28164,2014,
,17,WAIGH,232,2014,
,17,WYNNE,52430,2014,
,17,REJECTED,294,2014,
,17,UNMARKED,224,2014,
,17,DECLINED,322,2014,
,17,VOTER_TURNOUT,92800,2014,
,17,ELECTORS,172184,2014,
,18,DAID,27722,2014,
,18,JONES,36034,2014,
,18,KOWALEWSKI,1076,2014,
,18,WALLACE,15036,2014,
,18,YAZBEK,10538,2014,
,18,REJECTED,402,2014,
,18,UNMARKED,226,2014,
,18,DECLINED,626,2014,
,18,VOTER_TURNOUT,91660,2014,
,18,ELECTORS,178048,2014,
,19,ANDERSON,39632,2014,
,19,PATRICK,37280,2014,
,19,SPENCE,26188,2014,
,19,TOYE,868,2014,
,19,ZALUCKY,4764,2014,
,19,REJECTED,474,2014,
,19,UNMARKED,340,2014,
,19,DECLINED,1206,2014,
,19,VOTER_TURNOUT,110752,2014,
,19,ELECTORS,198808,2014,
,20,BONE,528,2014,
,20,COLLE,45710,2014,
,20,GALLEZOT,6120,2014,
,20,MARTIN,28158,2014,
,20,MCCANN,2610,2014,
,20,SNIEDZINS,286,2014,
,20,REJECTED,320,2014,
,20,UNMARKED,166,2014,
,20,DECLINED,262,2014,
,20,VOTER_TURNOUT,84160,2014,
,20,ELECTORS,155892,2014,
,21,CORNISH,24068,2014,
,21,FISHER,4472,2014,
,21,LAVOIE,18366,2014,
,21,MALONEY,1568,2014,
,21,YUREK,41892,2014,
,21,REJECTED,290,2014,
,21,UNMARKED,252,2014,
,21,DECLINED,822,2014,
,21,VOTER_TURNOUT,91730,2014,
,21,ELECTORS,169940,2014,
,22,CECILE,20338,2014,
,22,MELOCHE,13256,2014,
,22,NATYSHAK,56236,2014,
,22,VERCOUTEREN,3370,2014,
,22,REJECTED,330,2014,
,22,UNMARKED,264,2014,
,22,DECLINED,590,2014,
,22,VOTER_TURNOUT,94384,2014,
,22,ELECTORS,188016,2014,
,23,BAKER,47696,2014,
,23,BUSSMANN,1056,2014,
,23,JONES,11516,2014,
,23,KUESS,378,2014,
,23,MARTINO,31040,2014,
,23,MARTINS,386,2014,
,23,MORRISON,2508,2014,
,23,TRIGIANI,284,2014,
,23,REJECTED,542,2014,
,23,UNMARKED,184,2014,
,23,DECLINED,634,2014,
,23,VOTER_TURNOUT,96224,2014,
,23,ELECTORS,170384,2014,
,24,CHOO,12724,2014,
,24,MILCZYN,48622,2014,
,24,HOLYDAY,35174,2014,
,24,SALEWSKY,4128,2014,
,24,LOCHWIN,472,2014,
,24,WRZESNIEWSKI,672,2014,
,24,LYTVYN,216,2014,
,24,MERKLINGER,378,2014,
,24,REJECTED,430,2014,
,24,UNMARKED,202,2014,
,24,DECLINED,464,2014,
,24,VOTER_TURNOUT,103482,2014,
,24,ELECTORS,192608,2014,
,25,BARRIFFE,14206,2014,
,25,DEROO,1412,2014,
,25,MCCONNELL,562,2014,
,25,MILONE,12326,2014,
,25,QAADRI,24336,2014,
,25,ROBERTSON,1354,2014,
,25,REJECTED,358,2014,
,25,UNMARKED,196,2014,
,25,DECLINED,166,2014,
,25,VOTER_TURNOUT,54916,2014,
,25,ELECTORS,128568,2014,
,26,CRACK,47130,2014,
,26,DONNELLY,844,2014,
,26,GAGNIER,592,2014,
,26,LEDUC,466,2014,
,26,SABOURIN,11804,2014,
,26,ST. MARTIN,3056,2014,
,26,VILLENEUVE ROBERTSON,30858,2014,
,26,REJECTED,718,2014,
,26,UNMARKED,142,2014,
,26,DECLINED,158,2014,
,26,VOTER_TURNOUT,95768,2014,
,26,ELECTORS,179482,2014,
,27,BURNETT,356,2014,
,27,GORDON,18770,2014,
,27,MACDONALD,22096,2014,
,27,SANDALS,44028,2014,
,27,SCHREINER,20460,2014,
,27,SMYTHE,340,2014,
,27,REJECTED,388,2014,
,27,UNMARKED,180,2014,
,27,DECLINED,556,2014,
,27,VOTER_TURNOUT,107174,2014,
,27,ELECTORS,193198,2014,
,28,BARRETT,44132,2014,
,28,FAULKNER,4142,2014,
,28,MOTTASHED,0,2014,
,28,NICHOLS,19572,2014,
,28,ROBINSON,16662,2014,
,28,REJECTED,1374,2014,
,28,UNMARKED,246,2014,
,28,DECLINED,1208,2014,
,28,VOTER_TURNOUT,87336,2014,
,28,ELECTORS,161814,2014,
,29,ABEL,20862,2014,
,29,AHMAD,4510,2014,
,29,JOHNSON,37024,2014,
,29,SCOTT,43282,2014,
,29,REJECTED,532,2014,
,29,UNMARKED,312,2014,
,29,DECLINED,994,2014,
,29,VOTER_TURNOUT,107516,2014,
,29,ELECTORS,192058,2014,
,30,CHUDLEIGH,55874,2014,
,30,FARRANT,5236,2014,
,30,GHORY,1832,2014,
,30,MARSH,692,2014,
,30,NAIDOO-HARRIS,67448,2014,
,30,SPOHR,19516,2014,
,30,REJECTED,564,2014,
,30,UNMARKED,330,2014,
,30,DECLINED,832,2014,
,30,VOTER_TURNOUT,152324,2014,
,30,ELECTORS,299266,2014,
,31,HORWATH,37394,2014,
,31,MANN,458,2014,
,31,MELANSON,668,2014,
,31,ORMOND,6134,2014,
,31,TIQUI-SHEBIB,16900,2014,
,31,VAIL,10346,2014,
,31,REJECTED,340,2014,
,31,UNMARKED,228,2014,
,31,DECLINED,988,2014,
,31,VOTER_TURNOUT,73456,2014,
,31,ELECTORS,164124,2014,
,32,BROWN,15148,2014,
,32,BURNISON,1352,2014,
,32,JOHNSTON,508,2014,
,32,LUKSIC,24866,2014,
,32,MILLER,39916,2014,
,32,ZINK,3484,2014,
,32,REJECTED,472,2014,
,32,UNMARKED,234,2014,
,32,DECLINED,746,2014,
,32,VOTER_TURNOUT,86726,2014,
,32,ELECTORS,177564,2014,
,33,GOODWIN,640,2014,
,33,LENKO,4094,2014,
,33,MARSHALL,17590,2014,
,33,MIRZA,29016,2014,
,33,TAYLOR,46012,2014,
,33,WIENHOLD,758,2014,
,33,REJECTED,496,2014,
,33,UNMARKED,262,2014,
,33,DECLINED,862,2014,
,33,VOTER_TURNOUT,99730,2014,
,33,ELECTORS,188720,2014,
,34,JOHNSTONE,21686,2014,
,34,MAISTER,646,2014,
,34,SCHENK,29294,2014,
,34,THOMPSON,37024,2014,
,34,VALENTA,256,2014,
,34,WERSTINE,3302,2014,
,34,ZETTEL,2706,2014,
,34,REJECTED,394,2014,
,34,UNMARKED,282,2014,
,34,DECLINED,854,2014,
,34,VOTER_TURNOUT,96444,2014,
,34,ELECTORS,160856,2014,
,35,CAMPBELL,25778,2014,
,35,LEEK,7304,2014,
,35,MCKILLOP,1422,2014,
,35,NICKLE,11810,2014,
,35,REJECTED,156,2014,
,35,UNMARKED,74,2014,
,35,DECLINED,92,2014,
,35,VOTER_TURNOUT,46636,2014,
,35,ELECTORS,99824,2014,
,36,BAIN,21304,2014,
,36,HOLLAND,29622,2014,
,36,KILEY,7132,2014,
,36,KIWALA,41676,2014,
,36,REID,484,2014,
,36,REJECTED,320,2014,
,36,UNMARKED,320,2014,
,36,DECLINED,486,2014,
,36,VOTER_TURNOUT,101344,2014,
,36,ELECTORS,194376,2014,
,37,BERNIER,1114,2014,
,37,JOHNSTON,19530,2014,
,37,SMITH,4944,2014,
,37,VERNILE,36944,2014,
,37,WETTLAUFER,23100,2014,
,37,REJECTED,386,2014,
,37,UNMARKED,222,2014,
,37,DECLINED,722,2014,
,37,VOTER_TURNOUT,86962,2014,
,37,ELECTORS,166340,2014,
,38,HARRIS,34166,2014,
,38,SCHUMM,2002,2014,
,38,VILLENEUVE,19916,2014,
,38,WEBER,6554,2014,
,38,WRIGHT,31328,2014,
,38,REJECTED,398,2014,
,38,UNMARKED,216,2014,
,38,DECLINED,934,2014,
,38,VOTER_TURNOUT,95514,2014,
,38,ELECTORS,189772,2014,
,39,BURTON,33068,2014,
,39,DANCKERT,5718,2014,
,39,FIFE,41072,2014,
,39,SCHULZ,962,2014,
,39,WEILER,28900,2014,
,39,REJECTED,338,2014,
,39,UNMARKED,172,2014,
,39,DECLINED,736,2014,
,39,VOTER_TURNOUT,110966,2014,
,39,ELECTORS,201944,2014,
,40,ARMSTRONG,4208,2014,
,40,DURNIN,484,2014,
,40,HILL,24320,2014,
,40,LEWIS,1116,2014,
,40,MCNAUGHTON,41420,2014,
,40,RADAN,18596,2014,
,40,VANDER VLOET,1136,2014,
,40,WILLSON,414,2014,
,40,REJECTED,380,2014,
,40,UNMARKED,290,2014,
,40,DECLINED,636,2014,
,40,VOTER_TURNOUT,93000,2014,
,40,ELECTORS,163356,2014,
,41,HILLIER,43932,2014,
,41,MACDONALD,30074,2014,
,41,MATHER,6566,2014,
,41,PARKHILL,20368,2014,
,41,REJECTED,370,2014,
,41,UNMARKED,228,2014,
,41,DECLINED,614,2014,
,41,VOTER_TURNOUT,102152,2014,
,41,ELECTORS,189348,2014,
,42,BOWERING,4060,2014,
,42,CLARK,46506,2014,
,42,GABRIEL,942,2014,
,42,LUNDY,14438,2014,
,42,MILKS,16998,2014,
,42,REJECTED,382,2014,
,42,UNMARKED,168,2014,
,42,DECLINED,464,2014,
,42,VOTER_TURNOUT,83958,2014,
,42,ELECTORS,158830,2014,
,43,ARMSTRONG,35806,2014,
,43,HAMADI,224,2014,
,43,HARNICK,772,2014,
,43,MARCELLIN,14132,2014,
,43,MCKEEVER,934,2014,
,43,ROBSON,16392,2014,
,43,SORRELL,2756,2014,
,43,REJECTED,302,2014,
,43,UNMARKED,158,2014,
,43,DECLINED,496,2014,
,43,VOTER_TURNOUT,71972,2014,
,43,ELECTORS,155048,2014,
,44,BRANSCOMBE,24032,2014,
,44,BRYANT,27706,2014,
,44,LABONTE,4890,2014,
,44,MANSUR,1278,2014,
,44,MATTHEWS,32758,2014,
,44,MCKEE,230,2014,
,44,SPOTTISWOOD,140,2014,
,44,REJECTED,370,2014,
,44,UNMARKED,224,2014,
,44,DECLINED,764,2014,
,44,VOTER_TURNOUT,92392,2014,
,44,ELECTORS,183994,2014,
,45,BENNETT,32590,2014,
,45,GRETZKY,2376,2014,
,45,MCALISTER,4620,2014,
,45,SATTLER,44486,2014,
,45,STEINBURG,26140,2014,
,45,REJECTED,328,2014,
,45,UNMARKED,192,2014,
,45,DECLINED,746,2014,
,45,VOTER_TURNOUT,111478,2014,
,45,ELECTORS,198944,2014,
,46,CHAN,43034,2014,
,46,KORMOS HAWKINS,8410,2014,
,46,O'BRIEN,3018,2014,
,46,SMALL,888,2014,
,46,THAYAPARAN,28482,2014,
,46,REJECTED,408,2014,
,46,UNMARKED,386,2014,
,46,DECLINED,332,2014,
,46,VOTER_TURNOUT,84958,2014,
,46,ELECTORS,190734,2014,
,47,ACHESON,2604,2014,
,47,ALILOVIC,702,2014,
,47,GILL,22502,2014,
,47,LEVESQUE,1986,2014,
,47,MANGAT,39846,2014,
,47,TROAKE,13812,2014,
,47,VEZINA,1194,2014,
,47,REJECTED,612,2014,
,47,UNMARKED,234,2014,
,47,DECLINED,300,2014,
,47,VOTER_TURNOUT,83792,2014,
,47,ELECTORS,202020,2014,
,48,CATENA,468,2014,
,48,CHURCHIN,20958,2014,
,48,DAMERLA,41868,2014,
,48,IWANUSIW,1576,2014,
,48,KARIM,12316,2014,
,48,NGUYEN,2816,2014,
,48,REJECTED,520,2014,
,48,UNMARKED,284,2014,
,48,DECLINED,310,2014,
,48,VOTER_TURNOUT,81116,2014,
,48,ELECTORS,184804,2014,
,49,BILEK,15460,2014,
,49,GUPTA,2432,2014,
,49,JEWELL,1746,2014,
,49,KIYANI,948,2014,
,49,TAKHAR,50712,2014,
,49,VEZINA,1282,2014,
,49,WHITE,30948,2014,
,49,REJECTED,456,2014,
,49,UNMARKED,330,2014,
,49,DECLINED,442,2014,
,49,VOTER_TURNOUT,104756,2014,
,49,ELECTORS,223380,2014,
,50,JONES,2836,2014,
,50,WEBER,1182,2014,
,50,JUDSON,710,2014,
,50,ROSOLAK,9298,2014,
,50,SOUSA,44384,2014,
,50,TRIANTAFILOPOULOS,29028,2014,
,50,REJECTED,318,2014,
,50,UNMARKED,148,2014,
,50,DECLINED,434,2014,
,50,VOTER_TURNOUT,88338,2014,
,50,ELECTORS,164960,2014,
,51,DELANEY,45174,2014,
,51,SIKKA,11770,2014,
,51,TANGRI,24120,2014,
,51,VEZINA,1048,2014,
,51,WALACH,684,2014,
,51,WARNER,3132,2014,
,51,REJECTED,426,2014,
,51,UNMARKED,192,2014,
,51,DECLINED,366,2014,
,51,VOTER_TURNOUT,86912,2014,
,51,ELECTORS,185874,2014,
,52,CORCORAN,1880,2014,
,52,DAGENAIS,17256,2014,
,52,KUBANEK,7260,2014,
,52,MACLEOD,61802,2014,
,52,UPPAL,43948,2014,
,52,REJECTED,558,2014,
,52,UNMARKED,224,2014,
,52,DECLINED,750,2014,
,52,VOTER_TURNOUT,133678,2014,
,52,ELECTORS,241338,2014,
,53,BALLARD,45994,2014,
,53,BAXTER,1844,2014,
,53,DUFF,12046,2014,
,53,JENKINS,1158,2014,
,53,ROBLIN,4288,2014,
,53,TWINNEY,39170,2014,
,53,YACIUK,166,2014,
,53,REJECTED,484,2014,
,53,UNMARKED,232,2014,
,53,DECLINED,794,2014,
,53,VOTER_TURNOUT,106176,2014,
,53,ELECTORS,198814,2014,
,54,BEAM,956,2014,
,54,BITTER,3448,2014,
,54,GATES,48262,2014,
,54,MAVES,33404,2014,
,54,PANUCCI,1118,2014,
,54,TUPMAN,14658,2014,
,54,REJECTED,540,2014,
,54,UNMARKED,256,2014,
,54,DECLINED,484,2014,
,54,VOTER_TURNOUT,103126,2014,
,54,ELECTORS,201396,2014,
,55,HUDAK,46756,2014,
,55,KARATOPIS,1940,2014,
,55,KRZYZANOWSKI,6008,2014,
,55,MCCORMACK,24846,2014,
,55,MOSSEY,31686,2014,
,55,PEACOCK,568,2014,
,55,REJECTED,564,2014,
,55,UNMARKED,264,2014,
,55,DECLINED,1276,2014,
,55,VOTER_TURNOUT,113908,2014,
,55,ELECTORS,194402,2014,
,56,BLAY,7654,2014,
,56,DAHLSTROM,2290,2014,
,56,GÃ‰LINAS,40208,2014,
,56,TREGONNING,14062,2014,
,56,REJECTED,292,2014,
,56,UNMARKED,122,2014,
,56,DECLINED,276,2014,
,56,VOTER_TURNOUT,64904,2014,
,56,ELECTORS,129820,2014,
,57,CLEMENT,416,2014,
,57,ELLIOTT,754,2014,
,57,FEDELI,26170,2014,
,57,GIROUX,16114,2014,
,57,PELTIER,2376,2014,
,57,WHITING,16764,2014,
,57,REJECTED,312,2014,
,57,UNMARKED,124,2014,
,57,DECLINED,396,2014,
,57,VOTER_TURNOUT,63426,2014,
,57,ELECTORS,120844,2014,
,58,LUDORF-WEAVER,4566,2014,
,58,MEES,18422,2014,
,58,MILLIGAN,39166,2014,
,58,RINALDI,46838,2014,
,58,REJECTED,442,2014,
,58,UNMARKED,230,2014,
,58,DECLINED,788,2014,
,58,VOTER_TURNOUT,110452,2014,
,58,ELECTORS,197890,2014,
,59,BOELLING,2716,2014,
,59,JACZEK,73564,2014,
,59,KRAUTER,18710,2014,
,59,MELARA,5582,2014,
,59,VILENSKY,426,2014,
,59,WASSEF,60512,2014,
,59,REJECTED,832,2014,
,59,UNMARKED,598,2014,
,59,DECLINED,882,2014,
,59,VOTER_TURNOUT,163822,2014,
,59,ELECTORS,354510,2014,
,60,CHLOBOWSKI,3774,2014,
,60,CLEMENT,772,2014,
,60,FLYNN,49434,2014,
,60,MARVILLE,7988,2014,
,60,SCOTT,37842,2014,
,60,URSOMARZO,264,2014,
,60,REJECTED,338,2014,
,60,UNMARKED,158,2014,
,60,DECLINED,462,2014,
,60,VOTER_TURNOUT,101032,2014,
,60,ELECTORS,180012,2014,
,61,FRENCH,44464,2014,
,61,OUELLETTE,29080,2014,
,61,QUINTYN,18102,2014,
,61,SMIT,3570,2014,
,61,REJECTED,330,2014,
,61,UNMARKED,264,2014,
,61,DECLINED,706,2014,
,61,VOTER_TURNOUT,96516,2014,
,61,ELECTORS,192308,2014,
,62,DEKKER,19356,2014,
,62,FAULKNER,1050,2014,
,62,MCKENZIE,21788,2014,
,62,NAQVI,55378,2014,
,62,O'DONNELL,8326,2014,
,62,WASSLEN,566,2014,
,62,REJECTED,502,2014,
,62,UNMARKED,184,2014,
,62,DECLINED,606,2014,
,62,VOTER_TURNOUT,107756,2014,
,62,ELECTORS,189554,2014,
,63,BELL,4072,2014,
,63,BOURDEAU,822,2014,
,63,LALONDE,59822,2014,
,63,LISTER,37050,2014,
,63,M'BEMBA-MEKA,10044,2014,
,63,REJECTED,544,2014,
,63,UNMARKED,226,2014,
,63,DECLINED,460,2014,
,63,VOTER_TURNOUT,113040,2014,
,63,ELECTORS,190516,2014,
,64,BRISSON,546,2014,
,64,FRASER,47416,2014,
,64,FUNICIELLO,11634,2014,
,64,LAKATOS-HAYWARD,4068,2014,
,64,MANIRAMBONA,278,2014,
,64,REDINS,488,2014,
,64,YOUNG,30470,2014,
,64,REJECTED,412,2014,
,64,UNMARKED,140,2014,
,64,DECLINED,312,2014,
,64,VOTER_TURNOUT,95764,2014,
,64,ELECTORS,178300,2014,
,65,BAGLER,6288,2014,
,65,FORGET,17500,2014,
,65,MEILLEUR,43620,2014,
,65,NGAMBY,10456,2014,
,65,RICHARD,658,2014,
,65,REJECTED,444,2014,
,65,UNMARKED,174,2014,
,65,DECLINED,416,2014,
,65,VOTER_TURNOUT,79556,2014,
,65,ELECTORS,162824,2014,
,66,BROOKS,636,2014,
,66,CHIARELLI,42070,2014,
,66,CULLEN,13520,2014,
,66,DENLEY,31790,2014,
,66,HILL,5798,2014,
,66,REJECTED,474,2014,
,66,UNMARKED,172,2014,
,66,DECLINED,792,2014,
,66,VOTER_TURNOUT,95252,2014,
,66,ELECTORS,170250,2014,
,67,FARLOW,3970,2014,
,67,HARDEMAN,37916,2014,
,67,HODGES,768,2014,
,67,MOULTON,17472,2014,
,67,SMITH,21146,2014,
,67,WRIGHT,730,2014,
,67,REJECTED,324,2014,
,67,UNMARKED,272,2014,
,67,DECLINED,890,2014,
,67,VOTER_TURNOUT,83488,2014,
,67,ELECTORS,160796,2014,
,68,DINOVO,36770,2014,
,68,ELLERTON,11574,2014,
,68,LEBLANC,35682,2014,
,68,MOTZ,210,2014,
,68,RUDKINS,4958,2014,
,68,VEZINA,610,2014,
,68,WEISSENBERGER,382,2014,
,68,REJECTED,322,2014,
,68,UNMARKED,202,2014,
,68,DECLINED,442,2014,
,68,VOTER_TURNOUT,91152,2014,
,68,ELECTORS,160244,2014,
,69,MILLER,31522,2014,
,69,MOBBLEY,9998,2014,
,69,RICHTER,14968,2014,
,69,STIVRINS,592,2014,
,69,WATERS,20316,2014,
,69,REJECTED,294,2014,
,69,UNMARKED,110,2014,
,69,DECLINED,530,2014,
,69,VOTER_TURNOUT,78330,2014,
,69,ELECTORS,150306,2014,
,70,DESJARDINS,4010,2014,
,70,DEVRIES,1492,2014,
,70,MARSHALL,822,2014,
,70,MURPHY,686,2014,
,70,PETTAPIECE,31984,2014,
,70,SKINNER,27170,2014,
,70,SMINK,404,2014,
,70,SMITH FULLERTON,15528,2014,
,70,REJECTED,386,2014,
,70,UNMARKED,262,2014,
,70,DECLINED,652,2014,
,70,VOTER_TURNOUT,83396,2014,
,70,ELECTORS,149828,2014,
,71,BEAMISH,4574,2014,
,71,FAUX,104,2014,
,71,LEAL,49418,2014,
,71,MARTINDALE,790,2014,
,71,MATHESON,242,2014,
,71,QUIANO,264,2014,
,71,STEWART,31814,2014,
,71,WOOD,19456,2014,
,71,REJECTED,290,2014,
,71,UNMARKED,266,2014,
,71,DECLINED,688,2014,
,71,VOTER_TURNOUT,107906,2014,
,71,ELECTORS,188334,2014,
,72,GAUDET,25276,2014,
,72,HIGDON,13200,2014,
,72,HOEFIG,926,2014,
,72,MACCHARLES,46412,2014,
,72,NAVARRO,3128,2014,
,72,OLIVER,382,2014,
,72,REJECTED,454,2014,
,72,UNMARKED,202,2014,
,72,DECLINED,416,2014,
,72,VOTER_TURNOUT,90396,2014,
,72,ELECTORS,165036,2014,
,73,FORBES,1110,2014,
,73,PAYNE,4896,2014,
,73,SMITH,38562,2014,
,73,STEWART,17658,2014,
,73,THOMPSON,30210,2014,
,73,REJECTED,448,2014,
,73,UNMARKED,244,2014,
,73,DECLINED,548,2014,
,73,VOTER_TURNOUT,93676,2014,
,73,ELECTORS,181522,2014,
,74,BECKWITH-SMITH,784,2014,
,74,BOILEAU,15794,2014,
,74,DOUGHERTY,11956,2014,
,74,REID,978,2014,
,74,WRIGHT,2674,2014,
,74,YAKABUSKI,50482,2014,
,74,REJECTED,252,2014,
,74,UNMARKED,200,2014,
,74,DECLINED,488,2014,
,74,VOTER_TURNOUT,83608,2014,
,74,ELECTORS,153912,2014,
,75,BILY,1020,2014,
,75,DEVITA,9394,2014,
,75,DUBOISKY,320,2014,
,75,GUPTA,31284,2014,
,75,LAVE,2688,2014,
,75,MORIDI,40910,2014,
,75,REJECTED,438,2014,
,75,UNMARKED,314,2014,
,75,DECLINED,418,2014,
,75,VOTER_TURNOUT,86786,2014,
,75,ELECTORS,189954,2014,
,76,BRADLEY,38140,2014,
,76,DUSHKO,446,2014,
,76,FRASER,3584,2014,
,76,SISCOE,27628,2014,
,76,STEVENS,22700,2014,
,76,UNRAU,340,2014,
,76,WAZIRUDDIN,190,2014,
,76,REJECTED,440,2014,
,76,UNMARKED,264,2014,
,76,DECLINED,746,2014,
,76,VOTER_TURNOUT,94478,2014,
,76,ELECTORS,172396,2014,
,77,DELUCE,24074,2014,
,77,HOSKINS,60054,2014,
,77,KITTREDGE,814,2014,
,77,RACHLIS,5138,2014,
,77,RITA,330,2014,
,77,SAVAGE,10112,2014,
,77,REJECTED,348,2014,
,77,UNMARKED,154,2014,
,77,DECLINED,520,2014,
,77,VOTER_TURNOUT,101544,2014,
,77,ELECTORS,177810,2014,
,78,BAILEY,37444,2014,
,78,FALBY,680,2014,
,78,GILLIS,16304,2014,
,78,SHAW,4218,2014,
,78,WHITE,32654,2014,
,78,REJECTED,388,2014,
,78,UNMARKED,276,2014,
,78,DECLINED,564,2014,
,78,VOTER_TURNOUT,92528,2014,
,78,ELECTORS,161338,2014,
,79,FLANNIGAN,1930,2014,
,79,FREMLIN,7408,2014,
,79,ORAZIETTI,34980,2014,
,79,ROSS,15220,2014,
,79,WILLIAMS,230,2014,
,79,REJECTED,298,2014,
,79,UNMARKED,92,2014,
,79,DECLINED,142,2014,
,79,VOTER_TURNOUT,60300,2014,
,79,ELECTORS,118770,2014,
,80,CHEN,24082,2014,
,80,CLARKE,774,2014,
,80,THOMPSON,1814,2014,
,80,WILSON,8210,2014,
,80,WONG,34664,2014,
,80,REJECTED,336,2014,
,80,UNMARKED,292,2014,
,80,DECLINED,312,2014,
,80,VOTER_TURNOUT,70484,2014,
,80,ELECTORS,153098,2014,
,81,BAKER,14290,2014,
,81,DUGUID,38780,2014,
,81,RAMALHO,15198,2014,
,81,YAGHLEDJIAN,2172,2014,
,81,REJECTED,462,2014,
,81,UNMARKED,208,2014,
,81,DECLINED,240,2014,
,81,VOTER_TURNOUT,71350,2014,
,81,ELECTORS,148380,2014,
,82,BUSTARD,2068,2014,
,82,HUNTER,34636,2014,
,82,KERR,952,2014,
,82,KIRUPA,19442,2014,
,82,MOKHTARZADA,296,2014,
,82,SAWDON,240,2014,
,82,SYED,11788,2014,
,82,REJECTED,336,2014,
,82,UNMARKED,210,2014,
,82,DECLINED,252,2014,
,82,VOTER_TURNOUT,70220,2014,
,82,ELECTORS,142622,2014,
,83,BALKISSOON,32190,2014,
,83,CHO,23000,2014,
,83,KHAN,796,2014,
,83,SHAN,26038,2014,
,83,SINGH,1142,2014,
,83,REJECTED,456,2014,
,83,UNMARKED,322,2014,
,83,DECLINED,180,2014,
,83,VOTER_TURNOUT,84124,2014,
,83,ELECTORS,177184,2014,
,84,BERARDINETTI,36840,2014,
,84,DEL GRANDE,2986,2014,
,84,FOALENG,370,2014,
,84,KANG,15146,2014,
,84,MACAULAY,17348,2014,
,84,ROSE,656,2014,
,84,REJECTED,338,2014,
,84,UNMARKED,204,2014,
,84,DECLINED,316,2014,
,84,VOTER_TURNOUT,74204,2014,
,84,ELECTORS,148666,2014,
,85,DUDUN,8344,2014,
,85,KENNEY,34398,2014,
,85,MATTHEWS,15586,2014,
,85,WILSON,51976,2014,
,85,REJECTED,480,2014,
,85,UNMARKED,300,2014,
,85,DECLINED,992,2014,
,85,VOTER_TURNOUT,112076,2014,
,85,ELECTORS,215524,2014,
,86,DUNLOP,44358,2014,
,86,LARSEN,32826,2014,
,86,MIDDLETON,15692,2014,
,86,STUBBINS,8026,2014,
,86,REJECTED,390,2014,
,86,UNMARKED,218,2014,
,86,DECLINED,874,2014,
,86,VOTER_TURNOUT,102384,2014,
,86,ELECTORS,191996,2014,
,87,EARLE,18500,2014,
,87,MACDONALD,16672,2014,
,87,MCDONELL,41248,2014,
,87,MCRAE,1204,2014,
,87,NORMAN,2134,2014,
,87,REJECTED,442,2014,
,87,UNMARKED,204,2014,
,87,DECLINED,280,2014,
,87,VOTER_TURNOUT,80684,2014,
,87,ELECTORS,155088,2014,
,88,CIMINO,28548,2014,
,88,LALONDE,2424,2014,
,88,OLIVIER,26592,2014,
,88,PERONI,9326,2014,
,88,POPESCU,210,2014,
,88,WILSON,486,2014,
,88,REJECTED,316,2014,
,88,UNMARKED,136,2014,
,88,DECLINED,308,2014,
,88,VOTER_TURNOUT,68346,2014,
,88,ELECTORS,131638,2014,
,89,BALFOUR,1142,2014,
,89,YEUNG RACCO,43560,2014,
,89,BERGART,2458,2014,
,89,GOODWIN,466,2014,
,89,HACKELBERG,8104,2014,
,89,MARTOW,43772,2014,
,89,REJECTED,370,2014,
,89,UNMARKED,280,2014,
,89,DECLINED,430,2014,
,89,VOTER_TURNOUT,100582,2014,
,89,ELECTORS,210278,2014,
,90,DEIBEL,258,2014,
,90,KOZORYS,16104,2014,
,90,MAURO,30352,2014,
,90,NORTHEY,1928,2014,
,90,TALARICO,1094,2014,
,90,WILSON,7558,2014,
,90,REJECTED,218,2014,
,90,UNMARKED,112,2014,
,90,DECLINED,132,2014,
,90,VOTER_TURNOUT,57756,2014,
,90,ELECTORS,117816,2014,
,91,FOULDS,16338,2014,
,91,GRAVELLE,31038,2014,
,91,JOHNSON,1844,2014,
,91,LEBLANC,1994,2014,
,91,PARKS,3982,2014,
,91,SLOAN,254,2014,
,91,REJECTED,236,2014,
,91,UNMARKED,100,2014,
,91,DECLINED,104,2014,
,91,VOTER_TURNOUT,55890,2014,
,91,ELECTORS,110872,2014,
,92,CHITARONI,1230,2014,
,92,FRASER,978,2014,
,92,GOYER,12268,2014,
,92,POLITIS,9054,2014,
,92,VANTHOF,29322,2014,
,92,REJECTED,216,2014,
,92,UNMARKED,80,2014,
,92,DECLINED,136,2014,
,92,VOTER_TURNOUT,53284,2014,
,92,ELECTORS,105144,2014,
,93,BISSON,23512,2014,
,93,BLACK,10452,2014,
,93,FONTAINE,11054,2014,
,93,HRYCYNA,806,2014,
,93,SADIQ,120,2014,
,93,REJECTED,246,2014,
,93,UNMARKED,98,2014,
,93,DECLINED,128,2014,
,93,VOTER_TURNOUT,46416,2014,
,93,ELECTORS,102796,2014,
,94,ABELL,18996,2014,
,94,ALEKSEYCHUK,400,2014,
,94,DAYE,4530,2014,
,94,FALARDEAU,1102,2014,
,94,GARVIE,326,2014,
,94,GOODWIN,274,2014,
,94,MURRAY,59870,2014,
,94,NURSE,152,2014,
,94,ROTENBERG,304,2014,
,94,SELLAR,16280,2014,
,94,YAZDANFAR,156,2014,
,94,REJECTED,394,2014,
,94,UNMARKED,230,2014,
,94,DECLINED,468,2014,
,94,VOTER_TURNOUT,103482,2014,
,94,ELECTORS,203482,2014,
,95,ARMSTRONG,1002,2014,
,95,AZAROGHLI,158,2014,
,95,LUISI,298,2014,
,95,NEWMAN,31966,2014,
,95,PARLETTE,242,2014,
,95,POWER,4702,2014,
,95,RICHARDSON,334,2014,
,95,ROWLEY,344,2014,
,95,SOLOMON,8608,2014,
,95,TABUNS,38380,2014,
,95,REJECTED,362,2014,
,95,UNMARKED,236,2014,
,95,DECLINED,508,2014,
,95,VOTER_TURNOUT,87140,2014,
,95,ELECTORS,157574,2014,
,96,DONG,53226,2014,
,96,ECHEVARRIA,1468,2014,
,96,FIGUEIRAS,614,2014,
,96,GRANT,8066,2014,
,96,KING,540,2014,
,96,MARCHESE,34884,2014,
,96,SCOTT,16070,2014,
,96,REJECTED,590,2014,
,96,UNMARKED,248,2014,
,96,DECLINED,518,2014,
,96,VOTER_TURNOUT,116224,2014,
,96,ELECTORS,235608,2014,
,97,COLETTA,13884,2014,
,97,DEL DUCA,67754,2014,
,97,FABRIZIO,2242,2014,
,97,MEFFE,33958,2014,
,97,PANKHURST,2700,2014,
,97,REJECTED,800,2014,
,97,UNMARKED,278,2014,
,97,DECLINED,302,2014,
,97,VOTER_TURNOUT,121918,2014,
,97,ELECTORS,272852,2014,
,98,CAMPION,25866,2014,
,98,CRIDLAND,3748,2014,
,98,FORSTER,42652,2014,
,98,MERCIER,18120,2014,
,98,MURIK,920,2014,
,98,REJECTED,602,2014,
,98,UNMARKED,250,2014,
,98,DECLINED,696,2014,
,98,VOTER_TURNOUT,92854,2014,
,98,ELECTORS,174526,2014,
,99,ARNOTT,44900,2014,
,99,CARLUCCI,13608,2014,
,99,COUSINEAU,2086,2014,
,99,RODGERS,7100,2014,
,99,SPROULE,396,2014,
,99,ZISTER,28240,2014,
,99,REJECTED,464,2014,
,99,UNMARKED,280,2014,
,99,DECLINED,1190,2014,
,99,VOTER_TURNOUT,98264,2014,
,99,ELECTORS,176698,2014,
,100,ELLIOTT,48054,2014,
,100,KELLY,27242,2014,
,100,KRISHNAN,37234,2014,
,100,LEADBETTER,5046,2014,
,100,THOM,644,2014,
,100,REJECTED,482,2014,
,100,UNMARKED,278,2014,
,100,DECLINED,1024,2014,
,100,VOTER_TURNOUT,120004,2014,
,100,ELECTORS,220796,2014,
,101,BROWN,9386,2014,
,101,CECI,30936,2014,
,101,PUN,3516,2014,
,101,ZIMMER,48600,2014,
,101,REJECTED,338,2014,
,101,UNMARKED,342,2014,
,101,DECLINED,388,2014,
,101,VOTER_TURNOUT,93506,2014,
,101,ELECTORS,199452,2014,
,102,DUPUIS,11198,2014,
,102,HATFIELD,45636,2014,
,102,MARSHALL,1364,2014,
,102,WRIGHT-ADAM,4236,2014,
,102,WRIGHT-BRANDON,10986,2014,
,102,REJECTED,304,2014,
,102,UNMARKED,280,2014,
,102,DECLINED,508,2014,
,102,VOTER_TURNOUT,74512,2014,
,102,ELECTORS,174216,2014,
,103,CHARIF,1782,2014,
,103,DUROCHER,2342,2014,
,103,GRETZKY,30086,2014,
,103,LAU,10450,2014,
,103,PIRUZZA,28002,2014,
,103,REJECTED,416,2014,
,103,UNMARKED,244,2014,
,103,DECLINED,376,2014,
,103,VOTER_TURNOUT,73698,2014,
,103,ELECTORS,172570,2014,
,104,BORENSTEIN,2326,2014,
,104,CHERNIAK,986,2014,
,104,FAGAN,11290,2014,
,104,KWINTER,33870,2014,
,104,YUFEST,22250,2014,
,104,REJECTED,492,2014,
,104,UNMARKED,216,2014,
,104,DECLINED,284,2014,
,104,VOTER_TURNOUT,71714,2014,
,104,ELECTORS,153428,2014,
,105,BOWMAN,16840,2014,
,105,CARRUTHERS,32552,2014,
,105,ELGIE,5892,2014,
,105,MUNRO,38050,2014,
,105,WALLACE,838,2014,
,105,REJECTED,436,2014,
,105,UNMARKED,198,2014,
,105,DECLINED,968,2014,
,105,VOTER_TURNOUT,95774,2014,
,105,ELECTORS,201488,2014,
,106,ALBANESE,31338,2014,
,106,COMPTON,498,2014,
,106,FERREIRA,24400,2014,
,106,FFRENCH,7374,2014,
,106,HIGGINS,1594,2014,
,106,ISSA,292,2014,
,106,REJECTED,432,2014,
,106,UNMARKED,178,2014,
,106,DECLINED,198,2014,
,106,VOTER_TURNOUT,66304,2014,
,106,ELECTORS,143720,2014,
,107,BAPTISTE,534,2014,
,107,JARRETT,836,2014,
,107,NATION,5588,2014,
,107,RAKOCEVIC,19994,2014,
,107,SCHWAUSS,222,2014,
,107,SERGIO,23814,2014,
,107,REJECTED,336,2014,
,107,UNMARKED,138,2014,
,107,DECLINED,120,2014,
,107,VOTER_TURNOUT,51582,2014,
,107,ELECTORS,122108,2014,
